ppt,n_old,n_new,p_hit,p_fa,Pr,N1,N2,N3,N4,N5,N6,O1,O2,O3,O4,O5,O6,zH1,zH2,zH3,zH4,zH5,zF1,zF2,zF3,zF4,zF5,do_zROC,zROC_slp,zROC_int,fitppt,do,dn,g1,g2,g3,g4,g5,g6,chk_sumg,ro1,ro2,ro3,ro4,ro5,ro6,rn1,rn2,rn3,rn4,rn5,rn6,lglik,convr,fn,gr,dpoints,Nold,Nnew,freep,aic,bic,bfSim,chk_lik,epH,epF,pN1,pN2,pN3,pN4,pN5,pN6,pO1,pO2,pO3,pO4,pO5,pO6,eN1,eN2,eN3,eN4,eN5,eN6,eO1,eO2,eO3,eO4,eO5,eO6,eFCpcor1,eFCpcor2,eFCpcor3,eFCpcor4,eFCpcor5,eFCpcor6,ChiSq,G,df,pG
1,7200,7200,0.5681944444444444,0.22958333333333333,0.3386111111111111,1394,1871,2282,781,551,321,572,1055,1482,872,986,2233,1.4088183460855914,0.752177297316678,0.17177920931355395,-0.13303377833522279,-0.4954567025397416,0.8646658429152961,0.11689350586194767,-0.7402197482110792,-1.1694503792916737,-1.6998100173896669,TRUE,0.7341511940839721,0.7267151124533834,1,0.2744055318067777,0.09450178196521077,0.10946652143720112,0.24916109921823493,0.32047921256375494,0.14077995295745935,0.13088209420485156,0.04923111961849813,1,0,0,0,0,0,1,1,0,0,0,0,0,-24020.158851193424,0,136,NA,14400,7200,7200,7,48054.31770238685,48107.342586785795,46,0,0.5072438385039377,0.290568190699563,0.19362352206106342,0.22561493134570104,0.29019335589367257,0.1274759965380009,0.1185135030751545,0.044578691086407614,0.07942830240718791,0.18078991528169386,0.2325379438071804,0.10214915509843456,0.09496732354058449,0.31012735986491874,1394.0893588396566,1624.4275056890474,2089.3921624344425,917.8271750736064,853.2972221411123,320.9665758221348,571.883777331753,1301.6873900281958,1674.273195411699,735.4739167087288,683.7647294922083,2232.916991027415,0.7440348697288122,0.5,0.5,0.5,0.5,0.9424078093695114,410.44272398979433,411.27253027623544,3,0
