ppt,n_old,n_new,p_hit,p_fa,Pr,N1,N2,N3,N4,N5,N6,O1,O2,O3,O4,O5,O6,zH1,zH2,zH3,zH4,zH5,zF1,zF2,zF3,zF4,zF5,do_zROC,zROC_slp,zROC_int,fitppt,do,dn,g1,g2,g3,g4,g5,g6,chk_sumg,ro1,ro2,ro3,ro4,ro5,ro6,rn1,rn2,rn3,rn4,rn5,rn6,lglik,convr,fn,gr,dpoints,Nold,Nnew,freep,aic,bic,bfSim,chk_lik,epH,epF,pN1,pN2,pN3,pN4,pN5,pN6,pO1,pO2,pO3,pO4,pO5,pO6,eN1,eN2,eN3,eN4,eN5,eN6,eO1,eO2,eO3,eO4,eO5,eO6,eFCpcor1,eFCpcor2,eFCpcor3,eFCpcor4,eFCpcor5,eFCpcor6,ChiSq,G,df,pG
1,7200,7200,0.6697222222222222,0.15944444444444444,0.5102777777777778,1702,2309,2041,625,345,178,429,802,1147,931,1175,2716,1.55828093359063,0.9503303060863273,0.4391462681597099,0.1014834853345374,-0.31278443118242577,0.7179667675992397,-0.14357848215210414,-0.9967437890680434,-1.4564155561322722,-1.9647390789543244,TRUE,0.6836260122470351,1.0727960142288875,1,0.3583420864014578,0.15819035350385885,0.09290268941238447,0.2912644684728956,0.298485153980528,0.1457058405941,0.14228772334374878,0.02935412419634309,1,0,0,0,0,0,1,1,0,0,0,0,0,-23339.516131609358,0,226,NA,14400,7200,7200,7,46693.032263218716,46746.05714761766,28,0,0.5619707418549642,0.26714634516461166,0.23639673363663902,0.24518923924205469,0.2512676819566945,0.1226565821629424,0.11977917808874189,0.024710584912927398,0.05961174585604399,0.18689215114570656,0.1915253611432852,0.09349330567473198,0.09130004369143643,0.3771773924887958,1702.0564821838009,1765.3625225427938,1809.1273100882006,883.1273915731853,862.4100822389416,177.91621137307726,429.20457016351673,1345.6234882490874,1378.9826002316534,673.1518008580703,657.3603145783424,2715.6772259193294,0.8345865889733701,0.5,0.5,0.5,0.5,0.9750312366774508,1348.0326737722708,1384.0480988078727,3,0
